{
  "observables": [
    "R_b",
    "A_FB_b",
    "sin2theta_eff"
  ],
  "stat_covariance": [
    [
      7.019236490893611e-08,
      0.0,
      0.0
    ],
    [
      0.0,
      2.692584570290294e-05,
      0.0
    ],
    [
      0.0,
      0.0,
      1e-06
    ]
  ],
  "syst_covariance": [
    [
      0.004263933087784373,
      7.949535881233031e-05,
      0.0
    ],
    [
      7.949535881233031e-05,
      0.0001482085188157793,
      0.0
    ],
    [
      0.0,
      0.0,
      2.5e-07
    ]
  ],
  "total_covariance": [
    [
      0.004264003280149282,
      7.949535881233031e-05,
      0.0
    ],
    [
      7.949535881233031e-05,
      0.00017513436451868224,
      0.0
    ],
    [
      0.0,
      0.0,
      1.2499999999999999e-06
    ]
  ],
  "correlation_matrix": [
    [
      1.0,
      0.09199142014252694,
      0.0
    ],
    [
      0.09199142014252694,
      1.0,
      0.0
    ],
    [
      0.0,
      0.0,
      1.0000000000000002
    ]
  ]
}