{
  "observables": [
    "R_b",
    "A_FB_b",
    "sin2theta_eff"
  ],
  "stat_covariance": [
    [
      0.0008517942700919436,
      0.0,
      0.0
    ],
    [
      0.0,
      4.659944650606104e-06,
      0.0
    ],
    [
      0.0,
      0.0,
      1.6368674256094192e-07
    ]
  ],
  "syst_covariance": [
    [
      0.04311372352778876,
      8.298919467955126e-05,
      0.0
    ],
    [
      8.298919467955126e-05,
      1.5974510828602732e-05,
      0.0
    ],
    [
      0.0,
      0.0,
      4.092168564023548e-08
    ]
  ],
  "total_covariance": [
    [
      0.0439655177978807,
      8.298919467955126e-05,
      0.0
    ],
    [
      8.298919467955126e-05,
      2.0634455479208836e-05,
      0.0
    ],
    [
      0.0,
      0.0,
      2.046084282011774e-07
    ]
  ],
  "correlation_matrix": [
    [
      1.0,
      0.08713024749597766,
      0.0
    ],
    [
      0.08713024749597766,
      0.9999999999999999,
      0.0
    ],
    [
      0.0,
      0.0,
      1.0
    ]
  ]
}