{
  "derivation_calibration": {
    "2.0": {
      "f_s": 0.7386968616148547,
      "f_d": 0.5635447116624336,
      "N_had": 438219,
      "N_t": 647422,
      "N_tt": 246956,
      "solutions": [],
      "status": "no_solution"
    },
    "3.0": {
      "f_s": 0.6222721972347159,
      "f_d": 0.4139984802119488,
      "N_had": 438219,
      "N_t": 545383,
      "N_tt": 181422,
      "solutions": [],
      "status": "no_solution"
    },
    "4.0": {
      "f_s": 0.517022310762427,
      "f_d": 0.29893044345407205,
      "N_had": 438219,
      "N_t": 453138,
      "N_tt": 130997,
      "solutions": [],
      "status": "no_solution"
    },
    "5.0": {
      "f_s": 0.42755220563234364,
      "f_d": 0.21523028440117842,
      "N_had": 438219,
      "N_t": 374723,
      "N_tt": 94318,
      "solutions": [],
      "status": "no_solution"
    },
    "6.0": {
      "f_s": 0.3546457364924844,
      "f_d": 0.15633735643593727,
      "N_had": 438219,
      "N_t": 310825,
      "N_tt": 68510,
      "solutions": [],
      "status": "no_solution"
    },
    "7.0": {
      "f_s": 0.29614074241418104,
      "f_d": 0.11521180049244784,
      "N_had": 438219,
      "N_t": 259549,
      "N_tt": 50488,
      "solutions": [],
      "status": "no_solution"
    },
    "8.0": {
      "f_s": 0.24883448686615597,
      "f_d": 0.08597755916562266,
      "N_had": 438219,
      "N_t": 218088,
      "N_tt": 37677,
      "solutions": [],
      "status": "no_solution"
    },
    "9.0": {
      "f_s": 0.21022707824170106,
      "f_d": 0.06474388376587961,
      "N_had": 438219,
      "N_t": 184251,
      "N_tt": 28372,
      "eps_b": 0.19886732109606564,
      "eps_c": 0.4869665915831324,
      "eps_uds": 0.13635064564327706,
      "alpha": 0.27999999999999997,
      "n_solutions": 6,
      "all_solutions": [
        {
          "eps_b": 0.19886732109606564,
          "eps_c": 0.4869665915831324,
          "eps_uds": 0.13635064564327706,
          "alpha": 0.27999999999999997,
          "f_s_check": 0.2102270782417011,
          "f_d_check": 0.0647438837658796,
          "f_s_residual": 2.7755575615628914e-17,
          "f_d_residual": 1.3877787807814457e-17
        },
        {
          "eps_b": 0.22052029156165645,
          "eps_c": 0.47336806996455877,
          "eps_uds": 0.13254305959007645,
          "alpha": 0.27999999999999997,
          "f_s_check": 0.21022707824170106,
          "f_d_check": 0.06474388376587961,
          "f_s_residual": 0.0,
          "f_d_residual": 0.0
        },
        {
          "eps_b": 0.155699559946055,
          "eps_c": 0.5050804721909887,
          "eps_uds": 0.14647333693538672,
          "alpha": 0.29,
          "f_s_check": 0.21022707824170106,
          "f_d_check": 0.06474388376587956,
          "f_s_residual": 0.0,
          "f_d_residual": 5.551115123125783e-17
        },
        {
          "eps_b": 0.2572754903598407,
          "eps_c": 0.4424050095976165,
          "eps_uds": 0.12829745278330879,
          "alpha": 0.29,
          "f_s_check": 0.21022707824170106,
          "f_d_check": 0.06474388376587958,
          "f_s_residual": 0.0,
          "f_d_residual": 2.7755575615628914e-17
        },
        {
          "eps_b": 0.1333162767055209,
          "eps_c": 0.5099671808327748,
          "eps_uds": 0.15299015424983245,
          "alpha": 0.3,
          "f_s_check": 0.21022707824170106,
          "f_d_check": 0.06474388376587964,
          "f_s_residual": 0.0,
          "f_d_residual": 2.7755575615628914e-17
        }
      ],
      "status": "calibrated"
    },
    "10.0": {
      "f_s": 0.17848838138008621,
      "f_d": 0.04879523708465402,
      "N_had": 438219,
      "N_t": 156434,
      "N_tt": 21383,
      "eps_b": 0.16126747917028283,
      "eps_c": 0.43365387724401216,
      "eps_uds": 0.11275000808344314,
      "alpha": 0.25999999999999995,
      "n_solutions": 10,
      "all_solutions": [
        {
          "eps_b": 0.16126747917028283,
          "eps_c": 0.43365387724401216,
          "eps_uds": 0.11275000808344314,
          "alpha": 0.25999999999999995,
          "f_s_check": 0.17848838138008621,
          "f_d_check": 0.04879523708465399,
          "f_s_residual": 0.0,
          "f_d_residual": 2.7755575615628914e-17
        },
        {
          "eps_b": 0.19361624563913946,
          "eps_c": 0.41258771879928047,
          "eps_uds": 0.1072728068878129,
          "alpha": 0.25999999999999995,
          "f_s_check": 0.17848838138008621,
          "f_d_check": 0.04879523708465399,
          "f_s_residual": 0.0,
          "f_d_residual": 2.7755575615628914e-17
        },
        {
          "eps_b": 0.12745301645306667,
          "eps_c": 0.44741096245426887,
          "eps_uds": 0.12080095986265257,
          "alpha": 0.26999999999999996,
          "f_s_check": 0.17848838138008621,
          "f_d_check": 0.04879523708465398,
          "f_s_residual": 0.0,
          "f_d_residual": 3.469446951953614e-17
        },
        {
          "eps_b": 0.22146556736430112,
          "eps_c": 0.3872983878859295,
          "eps_uds": 0.10457056472920095,
          "alpha": 0.26999999999999996,
          "f_s_check": 0.17848838138008621,
          "f_d_check": 0.048795237084654,
          "f_s_residual": 0.0,
          "f_d_residual": 2.0816681711721685e-17
        },
        {
          "eps_b": 0.10791584828961191,
          "eps_c": 0.45171152952191984,
          "eps_uds": 0.12647922826613756,
          "alpha": 0.27999999999999997,
          "f_s_check": 0.17848838138008621,
          "f_d_check": 0.04879523708465399,
          "f_s_residual": 0.0,
          "f_d_residual": 2.7755575615628914e-17
        }
      ],
      "status": "calibrated"
    }
  },
  "full_mc_calibration": {
    "9.0": {
      "f_s": 0.2101688881586604,
      "f_d": 0.06482512168573247,
      "N_had": 730365,
      "N_t": 307000,
      "N_tt": 47346,
      "eps_b": 0.18945475145723595,
      "eps_c": 0.4927085231615672,
      "eps_uds": 0.1379583864852388,
      "alpha": 0.27999999999999997,
      "C_b_used": 1.4675979544701647
    },
    "10.0": {
      "f_s": 0.17835808123335592,
      "f_d": 0.04890020743053131,
      "N_had": 730365,
      "N_t": 260533,
      "N_tt": 35715,
      "eps_b": 0.15126510172199484,
      "eps_c": 0.4397743805558272,
      "eps_uds": 0.11434133894451505,
      "alpha": 0.25999999999999995,
      "C_b_used": 1.537188166715948
    }
  },
  "sm_inputs": {
    "R_b_SM": 0.21578,
    "R_c_SM": 0.17223,
    "source": "hep-ex/0509008"
  },
  "split": {
    "seed": 12345,
    "n_deriv": 438219,
    "n_valid": 292146,
    "total": 730365
  },
  "correlation_inputs": {
    "C_b": "per-WP from correlation_results.json (fix A1)",
    "C_b_published_fallback": 1.01,
    "C_c": 1.0,
    "C_uds": 1.0,
    "source": "MC-measured per-WP C_b from hemisphere_correlation.py"
  },
  "gluon_splitting": {
    "g_bb": 0.00251,
    "g_bb_err": 0.00063,
    "g_cc": 0.0296,
    "g_cc_err": 0.0038,
    "g_bb_source": "LEP average, inspire_416138",
    "g_cc_source": "world average, hep-ex/0302003"
  }
}