{
  "extraction_results": [
    {
      "threshold": 9.0,
      "R_b": 0.31475886682384,
      "sigma_stat": 0.041911707669135795,
      "eps_b": 0.16408474765594724,
      "eps_c": 0.4927085231615672,
      "eps_uds_direct": 0.1379583864852388,
      "eps_uds_eff": 0.14358863817091352,
      "f_s": 0.2101688881586604,
      "f_d": 0.06482512168573247,
      "N_had": 730365,
      "N_t": 307000,
      "N_tt": 47346,
      "C_b": 1.4675979544701647,
      "C_b_data": 1.4374616408630618,
      "C_b_syst": 0.06027262721420579,
      "n_valid_toys": 1000
    },
    {
      "threshold": 10.0,
      "R_b": 0.30541858057320487,
      "sigma_stat": 0.04066559627972291,
      "eps_b": 0.13160280861764698,
      "eps_c": 0.4397743805558272,
      "eps_uds_direct": 0.11434133894451505,
      "eps_uds_eff": 0.1195015354438508,
      "f_s": 0.17835808123335592,
      "f_d": 0.04890020743053131,
      "N_had": 730365,
      "N_t": 260533,
      "N_tt": 35715,
      "C_b": 1.537188166715948,
      "C_b_data": 1.5065398110603654,
      "C_b_syst": 0.0612967113111651,
      "n_valid_toys": 1000
    }
  ],
  "closure_test": [
    {
      "threshold": 9.0,
      "R_b_extracted": 0.37091968544516923,
      "R_b_truth": 0.21578,
      "sigma_stat": 0.15024038300982703,
      "pull": 1.0326097573581248,
      "passes": true,
      "N_tt": 18974
    },
    {
      "threshold": 10.0,
      "R_b_extracted": 0.38707654702092165,
      "R_b_truth": 0.21578,
      "sigma_stat": 0.16165990390264284,
      "pull": 1.0596105953649602,
      "passes": true,
      "N_tt": 14332
    }
  ],
  "stability": {
    "R_b_combined": 0.3099478086197213,
    "sigma_combined": 0.029185514730632106,
    "chi2": 0.025581740235427308,
    "ndf": 1,
    "chi2_ndf": 0.025581740235427308,
    "p_value": 0.8729260320877859,
    "passes": true
  },
  "best_wp": {
    "threshold": 10.0,
    "R_b": 0.30541858057320487,
    "sigma_stat": 0.04066559627972291,
    "eps_b": 0.13160280861764698,
    "eps_c": 0.4397743805558272,
    "eps_uds_direct": 0.11434133894451505,
    "eps_uds_eff": 0.1195015354438508,
    "f_s": 0.17835808123335592,
    "f_d": 0.04890020743053131,
    "N_had": 730365,
    "N_t": 260533,
    "N_tt": 35715,
    "C_b": 1.537188166715948,
    "C_b_data": 1.5065398110603654,
    "C_b_syst": 0.0612967113111651,
    "n_valid_toys": 1000
  },
  "sm_values": {
    "R_b": 0.21578,
    "R_c": 0.17223,
    "source": "hep-ex/0509008"
  },
  "gluon_correction": {
    "g_bb": 0.00251,
    "g_bb_err": 0.00063,
    "g_cc": 0.0296,
    "g_cc_err": 0.0038
  },
  "n_toys": 1000
}