{
  "method": "3-tag system (tight/loose/anti-b)",
  "description": "R_b extraction using the 3-tag system as PRIMARY method. Defines tight (b-enriched), loose (b+c), and anti (uds-enriched) hemisphere categories. The system provides 8 observables (3 single + 6 double - 1 normalization) to constrain R_b. The anti-tag directly constrains eps_uds from data.",
  "threshold_scan": [
    {
      "thr_tight": 10.0,
      "thr_loose": 5.0,
      "label": "tight=10, loose=5",
      "calibration": {
        "eps_b_tight": 0.3714840037114475,
        "eps_b_loose": 0.3230949166461828,
        "eps_b_anti": 0.3054210796423697,
        "eps_c_tight": 0.2994884570482508,
        "eps_c_loose": 0.2955222256812477,
        "eps_c_anti": 0.4049893172705015,
        "eps_uds_tight": 0.07638795318137923,
        "eps_uds_loose": 0.20988677373005157,
        "eps_uds_anti": 0.7137252730885691,
        "chi2_calibration": 0.00022666358946226187,
        "ndf_calibration": 2,
        "converged": true
      },
      "extraction": {
        "R_b": 0.21649870620402223,
        "chi2": 20.82920779489445,
        "ndf": 7,
        "chi2_ndf": 2.9756011135563503,
        "p_value": 0.004031327586134448
      }
    },
    {
      "thr_tight": 10.0,
      "thr_loose": 3.0,
      "label": "tight=10, loose=3",
      "calibration": {
        "eps_b_tight": 0.3730103627459574,
        "eps_b_loose": 0.42833043574179314,
        "eps_b_anti": 0.19865920151224953,
        "eps_c_tight": 0.2969192232008395,
        "eps_c_loose": 0.5612925457209647,
        "eps_c_anti": 0.14178823107819583,
        "eps_uds_tight": 0.07657282867244945,
        "eps_uds_loose": 0.4161624488849861,
        "eps_uds_anti": 0.5072647224425645,
        "chi2_calibration": 2.303373097235208e-10,
        "ndf_calibration": 2,
        "converged": true
      },
      "extraction": {
        "R_b": 0.2152646900820679,
        "chi2": 9.105966803139385,
        "ndf": 7,
        "chi2_ndf": 1.3008524004484836,
        "p_value": 0.2451373671336905
      }
    },
    {
      "thr_tight": 8.0,
      "thr_loose": 4.0,
      "label": "tight=8, loose=4",
      "calibration": {
        "eps_b_tight": 0.49715887544103626,
        "eps_b_loose": 0.27310898188952204,
        "eps_b_anti": 0.22973214266944164,
        "eps_c_tight": 0.3597633972227728,
        "eps_c_loose": 0.3391874304774213,
        "eps_c_anti": 0.301049172299806,
        "eps_uds_tight": 0.1300601195066398,
        "eps_uds_loose": 0.2464715342140882,
        "eps_uds_anti": 0.6234683462792721,
        "chi2_calibration": 5.365407965825014e-10,
        "ndf_calibration": 2,
        "converged": true
      },
      "extraction": {
        "R_b": 0.2161726474299214,
        "chi2": 7.893432461251813,
        "ndf": 7,
        "chi2_ndf": 1.127633208750259,
        "p_value": 0.34208473773003967
      }
    },
    {
      "thr_tight": 8.0,
      "thr_loose": 3.0,
      "label": "tight=8, loose=3",
      "calibration": {
        "eps_b_tight": 0.4870887161593116,
        "eps_b_loose": 0.33606959393148544,
        "eps_b_anti": 0.17684168990920296,
        "eps_c_tight": 0.3788327472196739,
        "eps_c_loose": 0.45464258375461164,
        "eps_c_anti": 0.1665246690257144,
        "eps_uds_tight": 0.12824411774678263,
        "eps_uds_loose": 0.3637600586235,
        "eps_uds_anti": 0.5079958236297174,
        "chi2_calibration": 2.355880749687595e-10,
        "ndf_calibration": 2,
        "converged": true
      },
      "extraction": {
        "R_b": 0.2158457699236832,
        "chi2": 6.819872292237728,
        "ndf": 7,
        "chi2_ndf": 0.9742674703196755,
        "p_value": 0.44787275898264833
      }
    },
    {
      "thr_tight": 12.0,
      "thr_loose": 6.0,
      "label": "tight=12, loose=6",
      "calibration": {
        "eps_b_tight": 0.29003944146329474,
        "eps_b_loose": 0.2905214752313048,
        "eps_b_anti": 0.4194390833054005,
        "eps_c_tight": 0.21314528150177595,
        "eps_c_loose": 0.3529367949382234,
        "eps_c_anti": 0.4339179235600007,
        "eps_uds_tight": 0.04743976893714765,
        "eps_uds_loose": 0.1680473821996752,
        "eps_uds_anti": 0.7845128488631772,
        "chi2_calibration": 2.4522278361429857e-10,
        "ndf_calibration": 2,
        "converged": true
      },
      "extraction": {
        "R_b": 0.21606803220261392,
        "chi2": 16.430181046253335,
        "ndf": 7,
        "chi2_ndf": 2.3471687208933334,
        "p_value": 0.021463989763935598
      }
    },
    {
      "thr_tight": 7.0,
      "thr_loose": 3.0,
      "label": "tight=7, loose=3",
      "calibration": {
        "eps_b_tight": 0.5604370160217943,
        "eps_b_loose": 0.2817929458821675,
        "eps_b_anti": 0.15777003809603818,
        "eps_c_tight": 0.417256695579023,
        "eps_c_loose": 0.39148301048128836,
        "eps_c_anti": 0.19126029393968863,
        "eps_uds_tight": 0.16886798799028888,
        "eps_uds_loose": 0.3233730162089741,
        "eps_uds_anti": 0.507758995800737,
        "chi2_calibration": 3.0472777236384943e-10,
        "ndf_calibration": 2,
        "converged": true
      },
      "extraction": {
        "R_b": 0.2157651615090274,
        "chi2": 8.235051395242698,
        "ndf": 7,
        "chi2_ndf": 1.1764359136060996,
        "p_value": 0.312324477229198
      }
    },
    {
      "thr_tight": 9.0,
      "thr_loose": 4.0,
      "label": "tight=9, loose=4",
      "calibration": {
        "eps_b_tight": 0.43422103075396984,
        "eps_b_loose": 0.31847997387561683,
        "eps_b_anti": 0.2472989953704134,
        "eps_c_tight": 0.3233902202826285,
        "eps_c_loose": 0.400842159427314,
        "eps_c_anti": 0.2757676202900576,
        "eps_uds_tight": 0.09940254711619056,
        "eps_uds_loose": 0.27620806967301575,
        "eps_uds_anti": 0.6243893832107936,
        "chi2_calibration": 2.2280329335786623e-10,
        "ndf_calibration": 2,
        "converged": true
      },
      "extraction": {
        "R_b": 0.21604194330487508,
        "chi2": 6.683335445938106,
        "ndf": 7,
        "chi2_ndf": 0.9547622065625865,
        "p_value": 0.4625783024613884
      }
    },
    {
      "thr_tight": 9.0,
      "thr_loose": 5.0,
      "label": "tight=9, loose=5",
      "calibration": {
        "eps_b_tight": 0.4211384960311955,
        "eps_b_loose": 0.257503016946422,
        "eps_b_anti": 0.3213584870223825,
        "eps_c_tight": 0.34622255664950596,
        "eps_c_loose": 0.2736571012317255,
        "eps_c_anti": 0.38012034211876855,
        "eps_uds_tight": 0.09758966748290136,
        "eps_uds_loose": 0.18730561363654197,
        "eps_uds_anti": 0.7151047188805567,
        "chi2_calibration": 5.861775112579628e-10,
        "ndf_calibration": 2,
        "converged": true
      },
      "extraction": {
        "R_b": 0.21656583099412685,
        "chi2": 16.69122508401408,
        "ndf": 7,
        "chi2_ndf": 2.3844607262877253,
        "p_value": 0.019499465013657513
      }
    }
  ],
  "full_mc_results": [
    {
      "thr_tight": 10.0,
      "thr_loose": 5.0,
      "label": "tight=10, loose=5",
      "counts": {
        "n_events": 730365,
        "f_s_tight": 0.17835808123335592,
        "f_s_loose": 0.24961971069259892,
        "f_s_anti": 0.5720222080740451,
        "f_d_tt": 0.04890020743053131,
        "f_d_ll": 0.06519616903876829,
        "f_d_aa": 0.3599282550505569,
        "f_d_tl": 0.10178746243316698,
        "f_d_ta": 0.15712828517248226,
        "f_d_la": 0.26705962087449425
      },
      "calibration": {
        "eps_b_tight": 0.3808121169109241,
        "eps_b_loose": 0.300002434580812,
        "eps_b_anti": 0.3191854485082639,
        "eps_c_tight": 0.2849137623177362,
        "eps_c_loose": 0.3353190066658247,
        "eps_c_anti": 0.37976723101643906,
        "eps_uds_tight": 0.07698776656714267,
        "eps_uds_loose": 0.2077373657723013,
        "eps_uds_anti": 0.715274867660556,
        "chi2_calibration": 3.827114784248261e-10,