{
  "kappa_results": [
    {
      "kappa": 0.3,
      "simple_fit": {
        "slope": 0.0006911941218068481,
        "sigma_slope": 0.0014518348168440346,
        "intercept": -0.004568283210366742,
        "sigma_intercept": 0.0006996638002927289,
        "chi2": 9.374220486468536,
        "ndf": 8,
        "chi2_ndf": 1.171777560808567,
        "p_value": 0.31171693348150264,
        "chi2_investigation": {
          "origin_fit_chi2": 52.00538842965989,
          "origin_fit_ndf": 9,
          "origin_fit_chi2_ndf": 5.778376492184432,
          "intercept_fit_chi2": 9.374220486468536,
          "intercept_fit_ndf": 8,
          "intercept_fit_chi2_ndf": 1.171777560808567,
          "conclusion": "Non-zero <Q_FB> offset causes chi2>>1 in origin fit; intercept absorbs hemisphere charge bias."
        },
        "n_tagged": 181979,
        "bin_centers": [
          -0.81,
          -0.63,
          -0.45,
          -0.27,
          -0.09000000000000008,
          0.08999999999999997,
          0.27,
          0.44999999999999996,
          0.6299999999999999,
          0.8099999999999999
        ],
        "mean_qfb": [
          -0.004177142338538376,
          -0.006825832195069524,
          -0.006628619587859106,
          -0.0030992966156555227,
          -0.0019751722059640304,
          -0.0018368225558146154,
          -0.007934523100203296,
          -0.003930390221860153,
          -0.0029581887015774264,
          -0.00707342188686253
        ],
        "sigma_qfb": [
          0.0029537009650424384,
          0.0020370519148755384,
          0.002055777791773473,
          0.002137751389649994,
          0.0021559312774888655,
          0.0021883469668041076,
          0.0021661210142777322,
          0.0020719540442637736,
          0.0020163745845502216,
          0.002939271316619719
        ],
        "n_per_bin": [
          11335,
          22447,
          20443,
          19088,
          18071,
          17934,
          18695,
          20445,
          22210,
          11311
        ]
      },
      "self_calibrating_fit": {
        "slope": 0.0009531634584509711,
        "sigma_slope": 0.0007672738729553201,
        "intercept": -0.0047022429982402384,
        "chi2": 46.40699374693975,
        "ndf": 38,
        "chi2_ndf": 1.221236677551046,
        "p_value": 0.16442031431320392,
        "n_data_points": 40,
        "thresholds_used": [
          3.0,
          5.0,
          7.0,
          9.0
        ]
      },
      "delta_b_info": {
        "sigma_qdiff": 0.25926162518786133,
        "mean_qdiff": -0.001264939042087136,
        "sigma_qh": 0.16603267935698224,
        "n_events": 59790,
        "delta_b_estimate": 0.16603267935698224
      },
      "A_FB_b": 0.004163000467641258,
      "sigma_A_FB_b": 0.008744271443831157,
      "A_FB_0_b": 0.004321154730788103,
      "delta_b": 0.16603267935698224
    },
    {
      "kappa": 0.5,
      "simple_fit": {
        "slope": 0.0011706249704360255,
        "sigma_slope": 0.001725168341091472,
        "intercept": -0.0059130215803240484,
        "sigma_intercept": 0.0008360840060638329,
        "chi2": 14.221872692656628,
        "ndf": 8,
        "chi2_ndf": 1.7777340865820785,
        "p_value": 0.07616256133639865,
        "chi2_investigation": {
          "origin_fit_chi2": 64.23904053752318,
          "origin_fit_ndf": 9,
          "origin_fit_chi2_ndf": 7.137671170835909,
          "intercept_fit_chi2": 14.221872692656628,
          "intercept_fit_ndf": 8,
          "intercept_fit_chi2_ndf": 1.7777340865820785,
          "conclusion": "Non-zero <Q_FB> offset causes chi2>>1 in origin fit; intercept absorbs hemisphere charge bias."
        },
        "n_tagged": 181979,
        "bin_centers": [
          -0.81,
          -0.63,
          -0.45,
          -0.27,
          -0.09000000000000008,
          0.08999999999999997,
          0.27,
          0.44999999999999996,
          0.6299999999999999,
          0.8099999999999999
        ],
        "mean_qfb": [
          -0.00769390322668599,
          -0.008668245996394416,
          -0.008655992298171494,
          -0.004262830710259778,
          -0.0006416972674027896,
          -0.0019486367432931435,
          -0.010832861957072172,
          -0.005354287101947437,
          -0.00391220352767384,
          -0.00891162556605631
        ],
        "sigma_qfb": [
          0.0034739668963639564,
          0.0024143272935097802,
          0.002467913198033955,
          0.0025589196482719047,
          0.0025939824567952907,
          0.0026301317831070458,
          0.002602221738076612,
          0.0024806570478467078,
          0.002406419608248266,
          0.0034672300104031835
        ],
        "n_per_bin": [
          11335,
          22447,
          20443,
          19088,
          18071,
          17934,
          18695,
          20445,
          22210,
          11311
        ]
      },
      "self_calibrating_fit": {
        "slope": 0.0014382450579482724,
        "sigma_slope": 0.0009115787380049871,
        "intercept": -0.005985682621693234,
        "chi2": 61.672338037376406,
        "ndf": 38,
        "chi2_ndf": 1.6229562641414843,
        "p_value": 0.008916831634067313,
        "n_data_points": 40,
        "thresholds_used": [
          3.0,
          5.0,
          7.0,
          9.0
        ]
      },
      "delta_b_info": {
        "sigma_qdiff": 0.3130273951294118,
        "mean_qdiff": -0.001831655936949838,
        "sigma_qh": 0.20585282104956867,
        "n_events": 59790,
        "delta_b_estimate": 0.20585282104956867
      },
      "A_FB_b": 0.005686708418507137,
      "sigma_A_FB_b": 0.008380591202469152,
      "A_FB_0_b": 0.005902749033119304,
      "delta_b": 0.20585282104956867
    },
    {
      "kappa": 1.0,
      "simple_fit": {
        "slope": 0.003117006104245,
        "sigma_slope": 0.002671054725141266,
        "intercept": -0.008858293214936025,
        "sigma_intercept": 0.0013059413604776633,
        "chi2": 18.411029728316482,
        "ndf": 8,
        "chi2_ndf": 2.3013787160395602,
        "p_value": 0.018347435334682527,
        "chi2_investigation": {
          "origin_fit_chi2": 64.4210844642083,
          "origin_fit_ndf": 9,
          "origin_fit_chi2_ndf": 7.157898273800923,
          "intercept_fit_chi2": 18.411029728316482,
          "intercept_fit_ndf": 8,
          "intercept_fit_chi2_ndf": 2.3013787160395602,
          "conclusion": "Non-zero <Q_FB> offset causes chi2>>1 in origin fit; intercept absorbs hemisphere charge bias."
        },
        "n_tagged": 181979,
        "bin_centers": [
          -0.81,
          -0.63,
          -0.45,
          -0.27,
          -0.09000000000000008,
          0.08999999999999997,
          0.27,
          0.44999999999999996,
          0.6299999999999999,
          0.8099999999999999
        ],
        "mean_qfb": [
          -0.01538492782101898,
          -0.014040770033163239,
          -0.013107913094770114,
          -0.0067078541061627904,
          0.002369670475954431,
          -0.002155377942363025,
          -0.016598670593734675,
          -0.008166327142712563,
          -0.0056077944060245275,
          -0.012174912072836585
        ],
        "sigma_qfb": [
          0.005290996633317017,
          0.0037189094772644153,
          0.0038840957355756323,
          0.0040088333418669365,
          0.004117886461918051,
          0.004133077072937391,
          0.004085653949816755,
          0.0038903514684366252,
          0.003753988082541813,
          0.005316425281593049
        ],
        "n_per_bin": [
          11335,
          22447,
          20443,
          19088,
          18071,
          17934,
          18695,
          20445,
          22210,
          11311
        ]
      },
      "self_calibrating_fit": {
        "slope": 0.0035459811297701093,
        "sigma_slope": 0.0014105102022755995,
        "intercept": -0.008797721702664012,
        "chi2": 73.59336562047581,
        "ndf": 38,