{
  "description": "BDT tagging using self-labeling approach. Training labels from cut-based tag at various WPs. Features: d0 significance statistics, displaced track count, hemisphere mass, momentum, track count. The BDT learns to combine these features but is limited by the same information as the cut-based tag (no PID, no truth).",
  "feature_names": [
    "max_sig",
    "mean_pos_sig",
    "n_above2",
    "n_above3",
    "hem_mass",
    "hem_p",
    "n_tracks"
  ],
  "bdt_results": {
    "label_thr_5.0": {
      "auc_train": 0.9868368499438773,
      "auc_test_h0": 0.9867069576620259,
      "auc_test_h1": 0.9865184095285185,
      "feature_importance": {
        "max_sig": 0.19701612157533913,
        "mean_pos_sig": 0.011380373437003117,
        "n_above2": 0.07205321713388614,
        "n_above3": 0.009284012959119632,
        "hem_mass": 0.6700302678478257,
        "hem_p": 0.0,
        "n_tracks": 0.040236007046826235
      },
      "label_threshold": 5.0,
      "n_train": 437994,
      "n_test_h1": 292371,
      "signal_fraction_train": 0.427083476029352,
      "overtraining_check": {
        "auc_train_vs_test": 0.0003184404153587783,
        "passes": true
      },
      "roc_fpr": [
        0.0,
        0.0,
        0.0,
        0.0,
        0.0,
        0.0,
        0.0,
        0.0,
        0.0,
        0.0,
        0.0,
        0.0,
        0.0,
        0.0,
        0.0,
        0.0,
        1.1956001912960306e-05,
        1.1956001912960306e-05,
        4.184600669536107e-05,
        0.0001255380200860832,
        0.00027498804399808706,
        0.0004722620755619321,
        0.0009684361549497848,
        0.0017097082735533238,
        0.00273792443806791,
        0.004071018651362984,
        0.005792682926829268,
        0.008136059301769489,
        0.010868005738880918,
        0.014395026303204208,
        0.018268770923003348,
        0.022889765662362505,
        0.02849115255858441,
        0.03523433763749402,
        0.04325083692013391,
        0.05218197034911526,
        0.06348637015781923,
        0.07448589191774271,
        0.08840865614538498,
        0.10525466284074605,
        0.12344571975131516,
        0.14560616929698708,
        0.16944643711142993,
        0.19528933524629363,
        0.22793519846963176,
        0.2634923481587757,
        0.31706121472979437,
        0.3760222381635581,
        0.43849832615973217,
        0.5132293161166905,
        0.6862386417981827
      ],
      "roc_tpr": [
        0.0,
        0.16521572295368972,
        0.21787338817340976,
        0.25566987233294164,
        0.28472871749366463,
        0.31704119401076014,
        0.3486581768472552,
        0.37905205010752174,
        0.4061763036509421,
        0.43490738742195684,
        0.46375838389652335,
        0.48865226115388,
        0.5161042760870087,
        0.5385439400116715,
        0.5605519182035478,
        0.5819843154183755,
        0.6033687475517823,
        0.6293418391411053,
        0.6556267037596629,
        0.676027851723945,
        0.7035278317384944,
        0.7289813016124261,
        0.74686428280212,
        0.7639078750669512,
        0.7800721075057359,
        0.7949173002054505,
        0.8085553716894102,
        0.8228969310342071,
        0.8366309326810082,
        0.8498453126124181,
        0.8615727750197856,
        0.8747471840500116,
        0.8858910713000935,
        0.8977864114924335,
        0.9095218680800378,
        0.9200901743530709,
        0.9306025213644467,
        0.9401076016659872,
        0.9485894268972188,
        0.9583822976872837,
        0.966312524482177,
        0.9737311237419158,
        0.9795348985938237,
        0.9847151273872621,
        0.9897514609364383,
        0.9932449176999144,
        0.9970581416728621,
        0.9987768904237715,
        0.9994563957438984,
        0.9998081396743171,
        1.0
      ]
    },
    "label_thr_7.0": {
      "auc_train": 0.9922491878100312,
      "auc_test_h0": 0.9918072479636909,
      "auc_test_h1": 0.99194423211004,
      "feature_importance": {
        "max_sig": 0.14881167881294854,
        "mean_pos_sig": 0.007060298739024736,
        "n_above2": 0.23786821380710457,
        "n_above3": 0.27153613010200583,
        "hem_mass": 0.3153145882970852,
        "hem_p": 0.0,
        "n_tracks": 0.019409090241831066
      },
      "label_threshold": 7.0,
      "n_train": 437994,
      "n_test_h1": 292371,
      "signal_fraction_train": 0.29464102247976,
      "overtraining_check": {
        "auc_train_vs_test": 0.0003049556999912273,
        "passes": true
      },
      "roc_fpr": [
        0.0,
        0.0,
        0.0,
        0.0,
        0.0,
        0.0,
        0.0,
        0.0,
        0.0,
        0.0,
        0.0,
        0.0,
        4.859015660607474e-06,
        4.859015660607474e-06,
        1.4577046981822422e-05,
        3.8872125284859794e-05,
        0.0001311934228364018,
        0.000276963892654626,
        0.000563645816630467,
        0.0009718031321214949,
        0.0016860784342307936,
        0.0027210487699401856,
        0.004057278076607241,
        0.005835677808389577,
        0.008036811902644762,
        0.010553782014839435,
        0.013367152082331161,
        0.016710154856829102,
        0.02048561002512111,
        0.024669222508904146,
        0.02928042837082064,
        0.03488287342750106,
        0.041622328148763627,
        0.04877965821683843,
        0.0568844963387317,
        0.06571332779405548,
        0.07565487383565837,
        0.0874379868126315,
        0.09925511289922888,
        0.11241332730815391,
        0.12692234807072783,
        0.14268013585807787,
        0.16079940525648315,
        0.18109551367084056,
        0.20221765474750125,
        0.22692089036602964,
        0.2568038366787656,
        0.2899520415154298,
        0.3337560676958062,
        0.41745747146543055,
        0.7933897950953096
      ],
      "roc_tpr": [
        0.0,
        0.06218233065335921,
        0.11044496811754921,
        0.15227335736068756,
        0.19355882081138526,
        0.23194482949819795,
        0.2720982349135939,
        0.3092597726642639,
        0.3427825524443212,
        0.3757624064319379,
        0.40861519268089824,
        0.4423574531004528,
        0.4777631457351446,
        0.5162877737732188,
        0.5524789760650587,
        0.5884275944921911,
        0.6245956935588208,
        0.6624272248405877,
        0.7011251270677387,
        0.7331693004343406,
        0.7614014416412531,
        0.7872539506515109,
        0.8109694113298216,
        0.831277146289622,
        0.8477381942519175,
        0.8634830422326957,
        0.8781997966916182,
        0.8903520931522041,
        0.9017419831808521,
        0.9117110248590703,
        0.9214952407356067,
        0.9312216985491174,
        0.9401741983180852,
        0.9487570464836891,
        0.9570164494963497,
        0.9637163848073191,
        0.9698618427132427,
        0.9749098974216801,
        0.9794496811754921,
        0.9838277423528324,
        0.9874780519360503,
        0.9904121615377507,
        0.9928380001848258,
        0.9948133259403013,
        0.9964074484798078,
        0.9975510581277146,
        0.9983250161722577,
        0.9988910451899086,
        0.999422419369744,
        0.9999191387117642,
        1.0
      ]
    },
    "label_thr_10.0": {
      "auc_train": 0.995611691054651,
      "auc_test_h0": 0.9952777331893412,
      "auc_test_h1": 0.9954153691353352,
      "feature_importance": {
        "max_sig": 0.17336056744246173,
        "mean_pos_sig": 0.001761614789524557,
        "n_above2": 0.5832781529852811,
        "n_above3": 0.12184403864860596,
        "hem_mass": 0.10543247998684484,
        "hem_p": 9.307721315754116e-06,
        "n_tracks": 0.014313838425966018
      },
      "label_threshold": 10.0,
      "n_train": 437994,
      "n_test_h1": 292371,
      "signal_fraction_train": 0.17770106439814243,