{
  "R_b": {
    "data_10pct": 0.20788305100929405,
    "phase_4a": 0.27975394848663937,
    "SM": 0.21578,
    "stat_10pct": 0.06629266584708711,
    "stat_4a": 0.030516370439941785
  },
  "A_FB_b": {
    "data_10pct": 0.008541761862223244,
    "phase_4a": -8.606481445323108e-05,
    "SM": 0.1032,
    "stat_10pct": 0.0034597710326180328,
    "stat_4a": 0.002158690494398422,
    "difference": 0.008627826676676475,
    "combined_stat_error": 0.004077984826939521,
    "pull": 2.1157083811789357,
    "compatible": false
  }
}