{
  "method": "3-tag system (tight/loose/anti-b), 10% data",
  "description": "R_b extraction using the 3-tag system on 10% data subsample (seed=42, 288627 events). Efficiencies calibrated on full MC. This is the PRIMARY R_b method per REGRESSION_TICKET.md.",
  "n_data_events": 288627,
  "subsample_seed": 42,
  "subsample_fraction": 0.1,
  "all_results": [
    {
      "thr_tight": 10.0,
      "thr_loose": 5.0,
      "label": "tight=10, loose=5",
      "counts_data": {
        "n_events": 288627,
        "f_s_tight": 0.17150162666694385,
        "f_s_loose": 0.24744739750612382,
        "f_s_anti": 0.5810509758269323,
        "f_d_tt": 0.04470822203050997,
        "f_d_ll": 0.0654096810069744,
        "f_d_aa": 0.3692551285915732,
        "f_d_tl": 0.09703527390022416,
        "f_d_ta": 0.15655153537264357,
        "f_d_la": 0.26704015909807466
      },
      "calibration": {
        "eps_b_tight": 0.3808121169109241,
        "eps_b_loose": 0.300002434580812,
        "eps_b_anti": 0.3191854485082639,
        "eps_c_tight": 0.2849137623177362,
        "eps_c_loose": 0.3353190066658247,
        "eps_c_anti": 0.37976723101643906,
        "eps_uds_tight": 0.07698776656714267,
        "eps_uds_loose": 0.2077373657723013,
        "eps_uds_anti": 0.715274867660556,
        "chi2_calibration": 3.827114784248261e-10,
        "ndf_calibration": 2,
        "converged": true
      },
      "C_b_tight": 1.537188166715948,
      "R_b": 0.16327159854396087,
      "chi2": 1187.297565127372,
      "ndf": 7,
      "p_value": 0.0,
      "R_b_toy_mean": 0.1931120892031657,
      "sigma_stat": 0.001117945551774994,
      "n_valid_toys": 1000
    },
    {
      "thr_tight": 10.0,
      "thr_loose": 3.0,
      "label": "tight=10, loose=3",
      "counts_data": {
        "n_events": 288627,
        "f_s_tight": 0.17150162666694385,
        "f_s_loose": 0.4428605085456316,
        "f_s_anti": 0.3856378647874246,
        "f_d_tt": 0.04470822203050997,
        "f_d_ll": 0.20006444303547485,
        "f_d_aa": 0.17541671430600742,
        "f_d_tl": 0.1593683196651734,
        "f_d_ta": 0.09421848960769436,
        "f_d_la": 0.32622381135514
      },
      "calibration": {
        "eps_b_tight": 0.37646769545985515,
        "eps_b_loose": 0.42401417976203376,
        "eps_b_anti": 0.1995181247781111,
        "eps_c_tight": 0.2926622386873427,
        "eps_c_loose": 0.5668389168284137,
        "eps_c_anti": 0.14049884448424355,
        "eps_uds_tight": 0.07633893133034163,
        "eps_uds_loose": 0.41680987776033307,
        "eps_uds_anti": 0.5068511909093253,
        "chi2_calibration": 3.2876438517136696e-10,
        "ndf_calibration": 2,
        "converged": true
      },
      "C_b_tight": 1.537188166715948,
      "R_b": 0.16175676807599076,
      "chi2": 1078.1859522414177,
      "ndf": 7,
      "p_value": 0.0,
      "R_b_toy_mean": 0.19236952633432247,
      "sigma_stat": 0.0011781642228405574,
      "n_valid_toys": 1000
    },
    {
      "thr_tight": 8.0,
      "thr_loose": 4.0,
      "label": "tight=8, loose=4",
      "counts_data": {
        "n_events": 288627,
        "f_s_tight": 0.24147948736604682,
        "f_s_loose": 0.26675259071396645,
        "f_s_anti": 0.4917679219199867,
        "f_d_tt": 0.08025929660080311,
        "f_d_ll": 0.07277905393466308,
        "f_d_aa": 0.2727776680629324,
        "f_d_tl": 0.13620347368749286,
        "f_d_ta": 0.1862369078429946,
        "f_d_la": 0.25174359987111394
      },
      "calibration": {
        "eps_b_tight": 0.49873124132901936,
        "eps_b_loose": 0.27019347417300116,
        "eps_b_anti": 0.23107528449797948,
        "eps_c_tight": 0.3594398505805091,
        "eps_c_loose": 0.3443226539199555,
        "eps_c_anti": 0.29623749549953543,
        "eps_uds_tight": 0.12953860872673748,
        "eps_uds_loose": 0.24659909174759184,
        "eps_uds_anti": 0.6238622995256706,
        "chi2_calibration": 5.776015128756886e-10,
        "ndf_calibration": 2,
        "converged": true
      },
      "C_b_tight": 1.3924289943349286,
      "R_b": 0.16931734429969308,
      "chi2": 942.0512170349732,
      "ndf": 7,
      "p_value": 0.0,
      "R_b_toy_mean": 0.194986336451014,
      "sigma_stat": 0.0011352965080469741,
      "n_valid_toys": 1000
    },
    {
      "thr_tight": 8.0,
      "thr_loose": 3.0,
      "label": "tight=8, loose=3",
      "counts_data": {
        "n_events": 288627,
        "f_s_tight": 0.24147948736604682,
        "f_s_loose": 0.3728826478465286,
        "f_s_anti": 0.3856378647874246,
        "f_d_tt": 0.08025929660080311,
        "f_d_ll": 0.1409362256476352,
        "f_d_aa": 0.17541671430600742,
        "f_d_tl": 0.18294546248271992,
        "f_d_ta": 0.13949491904776753,
        "f_d_la": 0.28094738191506685
      },
      "calibration": {
        "eps_b_tight": 0.4884100416659219,
        "eps_b_loose": 0.3321845679408623,
        "eps_b_anti": 0.17940539039321585,
        "eps_c_tight": 0.37905138387437914,
        "eps_c_loose": 0.45792384041608214,
        "eps_c_anti": 0.16302477570953866,
        "eps_uds_tight": 0.12765853563664367,
        "eps_uds_loose": 0.36473816124899167,
        "eps_uds_anti": 0.5076033031143647,
        "chi2_calibration": 3.626511032698242e-10,
        "ndf_calibration": 2,
        "converged": true
      },
      "C_b_tight": 1.3924289943349286,
      "R_b": 0.16942502264850715,
      "chi2": 903.9885452471085,
      "ndf": 7,
      "p_value": 0.0,
      "R_b_toy_mean": 0.19485485756534782,
      "sigma_stat": 0.0011979165880315254,
      "n_valid_toys": 1000
    },
    {
      "thr_tight": 12.0,
      "thr_loose": 6.0,
      "label": "tight=12, loose=6",
      "counts_data": {
        "n_events": 288627,
        "f_s_tight": 0.12140582828356321,
        "f_s_loose": 0.2247242981425854,
        "f_s_anti": 0.6538698735738514,
        "f_d_tt": 0.02411070343384368,
        "f_d_ll": 0.05670987121786943,
        "f_d_aa": 0.4566620586431623,
        "f_d_tl": 0.06810173684374643,
        "f_d_ta": 0.12648851285569265,
        "f_d_la": 0.26792711700568556
      },
      "calibration": {
        "eps_b_tight": 0.29234774620714526,
        "eps_b_loose": 0.2887064084986165,
        "eps_b_anti": 0.4189458452942382,
        "eps_c_tight": 0.2113441680893139,
        "eps_c_loose": 0.3569345641618176,
        "eps_c_anti": 0.4317212677488685,
        "eps_uds_tight": 0.046893756782897415,
        "eps_uds_loose": 0.16839565285246863,
        "eps_uds_anti": 0.784710590364634,
        "chi2_calibration": 5.358684562388864e-10,
        "ndf_calibration": 2,
        "converged": true
      },
      "C_b_tight": 1.0,
      "R_b": 0.18977817794449,
      "chi2": 33.15490949287291,
      "ndf": 7,
      "p_value": 2.4773789586762796e-05,
      "R_b_toy_mean": 0.1897612340724662,
      "sigma_stat": 0.0011882745088407324,
      "n_valid_toys": 1000
    },
    {
      "thr_tight": 7.0,
      "thr_loose": 3.0,
      "label": "tight=7, loose=3",
      "counts_data": {
        "n_events": 288627,
        "f_s_tight": 0.2881054094038326,
        "f_s_loose": 0.32625672580874276,
        "f_s_anti": 0.3856378647874246,
        "f_d_tt": 0.10888101251788641,
        "f_d_ll": 0.10797326653431592,
        "f_d_aa": 0.17541671430600742,
        "f_d_tl": 0.1872867056789559,
        "f_d_ta": 0.17116208809293657,
        "f_d_la": 0.24928021286989782
      },
      "calibration": {
        "eps_b_tight": 0.5625593006613818,
        "eps_b_loose": 0.27784636065402746,
        "eps_b_anti": 0.15959433868459072,
        "eps_c_tight": 0.4160647344093929,
        "eps_c_loose": 0.3956289050117059,
        "eps_c_anti": 0.18830636057890127,
        "eps_uds_tight": 0.1683682663214038,
        "eps_uds_loose": 0.324158201561837,
        "eps_uds_anti": 0.5074735321167592,
        "chi2_calibration": 5.127532777541874e-10,
        "ndf_calibration": 2,
        "converged": true
      },
      "C_b_tight": 1.3169284680862106,
      "R_b": 0.1733096907942675,