{
  "description": "Per-year R_b and A_FB^b extraction for consistency check",
  "working_point": {
    "thr_tight": 8.0,
    "thr_loose": 4.0
  },
  "per_year": [
    {
      "year": 1992,
      "n_events": 522097,
      "R_b_sf": 0.1884882457268567,
      "R_b_raw": 0.1461691862095944,
      "sigma_stat_rb": 0.0009262703205108451,
      "chi2_rb": 1703.509157977559,
      "ndf_rb": 7,
      "p_value_rb": 0.0,
      "sf_tight": 0.9323145047160203,
      "sf_loose": 0.9896705884296633,
      "A_FB_b": -0.01805027059047393,
      "sigma_stat_afb": 0.027464713492752504
    },
    {
      "year": 1993,
      "n_events": 509624,
      "R_b_sf": 0.18760192062238665,
      "R_b_raw": 0.19095140034315972,
      "sigma_stat_rb": 0.0008734748834007805,
      "chi2_rb": 2133.551113815781,
      "ndf_rb": 7,
      "p_value_rb": 0.0,
      "sf_tight": 1.0059041915816556,
      "sf_loose": 0.9978526220382382,
      "A_FB_b": -0.03255129995896189,
      "sigma_stat_afb": 0.0274598005059277
    },
    {
      "year": 1994,
      "n_events": 1292201,
      "R_b_sf": 0.18803158292236682,
      "R_b_raw": 0.16155020051184069,
      "sigma_stat_rb": 0.0005506924264138922,
      "chi2_rb": 4631.100624371778,
      "ndf_rb": 7,
      "p_value_rb": 0.0,
      "sf_tight": 0.9586601936912084,
      "sf_loose": 0.9901367395879307,
      "A_FB_b": -0.06123329893419191,
      "sigma_stat_afb": 0.017433383495744893
    },
    {
      "year": 1995,
      "n_events": 563339,
      "R_b_sf": 0.1863653373788082,
      "R_b_raw": 0.196330142869836,
      "sigma_stat_rb": 0.000849281597360321,
      "chi2_rb": 2766.8110326066085,
      "ndf_rb": 7,
      "p_value_rb": 0.0,
      "sf_tight": 1.0140119113222277,
      "sf_loose": 1.0092056530570275,
      "A_FB_b": -0.08400553965567932,
      "sigma_stat_afb": 0.025948262001994776
    }
  ],
  "consistency_rb": {
    "chi2": 3.5688589365011736,
    "ndf": 3,
    "p_value": 0.31194054797452475,
    "passes": true
  },
  "consistency_afb": {
    "chi2": 3.8246928780294747,
    "ndf": 3,
    "p_value": 0.2810269700483007,
    "passes": true
  }
}