{
  "kappa_values": [
    0.3,
    0.5,
    1.0,
    2.0,
    Infinity
  ],
  "kappa_0.3": {
    "mean_qfb": -0.0039057846320113103,
    "qfb_b_proxy": -0.003906378715185529,
    "sigma_qh": 0.2060046776293325
  },
  "kappa_0.5": {
    "mean_qfb": -0.005196674196850722,
    "qfb_b_proxy": -0.005194884732176696,
    "sigma_qh": 0.2502746134965195
  },
  "kappa_1.0": {
    "mean_qfb": -0.008237817155234976,
    "qfb_b_proxy": -0.008236624778099588,
    "sigma_qh": 0.3932546041973583
  },
  "kappa_2.0": {
    "mean_qfb": -0.011768615706060479,
    "qfb_b_proxy": -0.011777692804290321,
    "sigma_qh": 0.6078117710396073
  },
  "kappa_inf": {
    "mean_qfb": -0.013750106577882958,
    "qfb_b_proxy": -0.013769336868847518,
    "sigma_qh": 0.9999996710663369
  }
}