{
  "combined": {
    "thresholds": [
      1.0,
      1.5,
      2.0,
      2.5,
      3.0,
      3.5,
      4.0,
      4.5,
      5.0,
      5.5,
      6.0,
      6.5,
      7.0,
      7.5,
      8.0,
      8.5,
      9.0,
      9.5,
      10.0,
      10.5,
      11.0,
      11.5,
      12.0,
      12.5,
      13.0,
      13.5
    ],
    "R_b": [
      0.9803171128197609,
      0.968966235470602,
      0.9556515894182372,
      0.9395539162237999,
      0.9204065950507703,
      0.8987293129703025,
      0.8759182132944678,
      0.852033154030706,
      0.827431484828888,
      0.8032695910653579,
      0.7792834829101195,
      0.7554271968523977,
      0.7325234197552702,
      0.7104277247593764,
      0.6876044727766033,
      0.6649822621440642,
      0.6430697051390537,
      0.6228352092824123,
      0.6024309891217156,
      0.5853786874954187,
      0.5677377283158641,
      0.5507128331833083,
      0.5357418550039345,
      0.5166356344607487,
      0.49874573831293295,
      0.4805492993427413
    ],
    "sigma_rb": [
      0.0006699697706978861,
      0.0007113146954761581,
      0.0007558732422495592,
      0.0008028742086753159,
      0.0008521914334010909,
      0.0009035695978820434,
      0.0009576108404349167,
      0.0010132251044780293,
      0.0010698493630917402,
      0.0011282900133626633,
      0.0011879252374529929,
      0.001247520872133572,
      0.0013085428684302236,
      0.0013702774185084213,
      0.0014304805176967013,
      0.001489603130255703,
      0.0015499705932586194,
      0.0016163041556992003,
      0.0016824924679154922,
      0.0017638370298382793,
      0.001844189060722672,
      0.0019316718432869156,
      0.0020387072519320692,
      0.002132419797929222,
      0.0022413105493617573,
      0.00235744724153094
    ],
    "f_s": [
      0.8559856556092436,
      0.7928756700554609,
      0.731456214038149,
      0.6720026350232972,
      0.6146030788349235,
      0.560087744059162,
      0.5093048394308655,
      0.462634136643691,
      0.4201606643805323,
      0.38192702357008945,
      0.34748001652777494,
      0.31665149080737764,
      0.28909717548915737,
      0.26450016122546594,
      0.24208999463505376,
      0.22193040393646435,
      0.20365443234955205,
      0.18696751003806028,
      0.17168053044044165,
      0.15766395902552627,
      0.14483952091619012,
      0.1329244221426466,
      0.12167119633451912,
      0.11103828161014885,
      0.10109823808793178,
      0.09182370419577586
    ],
    "f_d": [
      0.7415436290657478,
      0.6426990840107631,
      0.5536243519377015,
      0.47431008142318964,
      0.40401647097370136,
      0.3426482746104353,
      0.28977636590526457,
      0.24491481719179528,
      0.20717281880647437,
      0.17554769035428386,
      0.14904818095766195,
      0.12699994908669496,
      0.10853781490485273,
      0.09309722951960353,
      0.08002532503989075,
      0.0690228559177712,
      0.05961878749444543,
      0.05142971141161121,
      0.04440402166620891,
      0.038147919429521615,
      0.03282453508706002,
      0.028151247843544454,
      0.023917477498570445,
      0.020329994413390406,
      0.0171501641174802,
      0.014391494222378926
    ]
  },
  "probability": {
    "thresholds": [
      1.0,
      1.5,
      2.0,
      2.5,
      3.0,
      3.5,
      4.0,
      4.5,
      5.0,
      5.5,
      6.0,
      6.5,
      7.0,
      7.5,
      8.0,
      8.5,
      9.0,
      9.5,
      10.0,
      10.5,
      11.0,
      11.5,
      12.0,
      12.5,
      13.0,
      13.5
    ],
    "R_b": [
      0.9803171128197609,
      0.968966235470602,
      0.9556515894182372,
      0.9395539162237999,
      0.9203936913726443,
      0.8987054842535249,
      0.8759157171800416,
      0.8520811069501191,
      0.8272091518435323,
      0.8025198356409461,
      0.7778923600265656,
      0.7537000906998595,
      0.7299457586984462,
      0.707579710351735,
      0.6846794627785029,
      0.662482024085808,
      0.6416317502727635,
      0.6216229587185922,
      0.6025212243160321,
      0.586737037552853,
      0.5731046407303481,
      0.5565676012390935,
      0.5434610272081469,
      0.5256559203331562,
      0.508176229175108,
      0.48944388459162774
    ],
    "sigma_rb": [
      0.0006699697706978861,
      0.0007113146954761581,
      0.0007558732422495592,
      0.0008028742086753159,
      0.0008522890887038318,
      0.0009044094940189933,
      0.0009603582749954562,
      0.0010196677202288934,
      0.0010819442162786378,
      0.0011493609540118264,
      0.0012224636791982372,
      0.001301374066846854,
      0.0013863348066192173,
      0.0014802728451828024,
      0.001580702172523573,
      0.0016888295992901101,
      0.0018092303429143712,
      0.001940630191896256,
      0.0020845864757967456,
      0.002256714297259334,
      0.0024516064914326913,
      0.0026432586827674644,
      0.002879609784294078,
      0.003106314209081767,
      0.003357463346751837,
      0.003614519785698128
    ],
    "f_s": [
      0.8559856556092436,
      0.7928756700554609,
      0.731456214038149,
      0.6720026350232972,
      0.6145208209441405,
      0.5595528080073121,
      0.5078674910234995,
      0.45979753822047953,
      0.4153872822720218,
      0.3745584483010022,
      0.337009019967367,
      0.3028700903728482,
      0.2719352355052072,
      0.24402677832035274,
      0.21850760980735723,
      0.19564372600883675,
      0.17506228221141074,
      0.15662456563504304,
      0.14012536448904342,
      0.12534734476723788,
      0.11231423137707329,
      0.10063655485250554,
      0.09004797280190464,
      0.08036336167738213,
      0.07162237844102075,
      0.0638265816633827
    ],
    "f_d": [
      0.7415436290657478,
      0.6426990840107631,
      0.5536243519377015,
      0.47431008142318964,
      0.4039125662695544,
      0.3419940213233234,
      0.28811908587412083,
      0.2418569017487508,
      0.20245796968130003,
      0.16885449566215177,
      0.14024294997923636,
      0.11617342526359757,
      0.09601937614922933,
      0.07913728616844823,
      0.06498130927546904,
      0.05329549354907644,
      0.0435610081665634,
      0.035537140563322814,
      0.028934689312812387,
      0.02341250063641631,
      0.018926934558392883,
      0.015355729876862536,
      0.01233625917435244,
      0.009918050359839307,
      0.007934509557674212,
      0.006350655517461013
    ]
  },
  "reference": {
    "ALEPH_Rb": 0.2158,
    "ALEPH_Rb_err": 0.0014,
    "LEP_combined_Rb": 0.21629,
    "LEP_combined_err": 0.00066,
    "SM_Rb": 0.21578,
    "sources": "hep-ex/9609005, hep-ex/0509008"
  }
}